movie_id,genre_id
1,13
1,8
1,4
1,12
2,2
3,13
4,7
4,2
4,13
4,12
5,5
5,4
5,12
5,7
6,3
6,6
6,14
6,13
7,3
7,15
8,1
8,15
8,8
8,7
9,4
10,11
10,12
10,3
11,13
12,11
12,13
12,1
13,10
14,7
14,13
15,8
15,3
16,4
16,14
16,13
17,6
18,13
18,15
19,14
19,10
20,9
21,5
22,4
22,5
23,12
23,2
24,10
24,3
24,2
24,9
25,1
25,14
25,11
25,8
26,13
27,15
27,1
27,6
28,15
28,9
28,6
28,13
29,8
29,15
29,12
30,4
31,11
31,9
31,6
32,10
33,4
34,4
34,8
34,7
34,2
35,2
35,6
35,3
36,15
36,11
37,8
38,5
39,13
39,12
39,2
40,7
41,10
42,12
42,15
42,3
43,5
43,13
43,11
43,12
44,14
44,7
45,12
45,15
46,1
46,3
46,5
46,10
47,15
47,5
47,11
48,2
48,8
49,15
49,7
49,6
50,2
50,15
51,10
51,15
52,6
52,10
52,9
52,1
53,6
53,5
53,12
53,14
54,3
54,14
55,1
56,10
57,12
57,4
58,14
59,1
60,1
61,8
62,2
63,14
63,15
64,14
65,9
66,15
66,9
67,4
67,9
68,6
68,9
69,11
69,13
70,13
70,15
70,7
71,9
71,12
71,3
72,6
73,1
73,2
73,14
74,4
75,15
75,1
75,13
76,13
76,8
76,7
77,14
77,4
78,4
78,5
79,9
79,6
79,13
80,6
81,12
81,4
81,10
82,15
83,3
83,1
83,8
84,4
84,6
84,13
85,3
86,1
86,4
86,14
86,6
87,6
87,11
87,3
87,10
88,5
88,10
88,7
88,12
89,1
89,9
90,15
90,14
91,3
91,12
91,8
92,10
92,13
92,7
93,6
94,7
94,12
94,8
94,13
95,10
95,6
95,12
95,11
96,12
96,11
97,12
97,1
97,7
97,10
98,13
98,4
99,5
99,8
100,11
101,10
101,7
101,3
102,5
102,7
103,1
104,15
104,6
104,5
105,3
105,7
106,9
106,8
106,15
106,4
107,8
108,10
108,6
108,14
109,15
109,7
110,9
110,10
111,1
111,7
112,2
112,13
112,9
112,12
113,9
113,15
113,7
114,8
114,14
114,7
115,9
116,2
117,3
118,11
118,14
118,8
118,2
119,11
119,5
119,7
120,14
121,6
121,12
121,7
122,10
122,6
123,5
123,4
123,9
124,14
125,10
125,2
125,14
125,8
126,9
127,5
127,14
127,8
127,3
128,9
128,1
129,2
129,12
129,7
129,5
130,5
130,12
130,10
131,11
132,4
133,4
133,11
133,1
134,8
134,1
134,3
135,12
135,2
135,13
135,11
136,7
137,14
137,13
138,11
138,9
138,2
139,1
139,3
139,15
139,11
140,1
140,11
140,8
141,5
141,8
141,1
141,6
142,9
142,13
142,7
143,15
143,3
143,5
143,11
144,13
144,10
145,6
145,8
145,3
145,2
146,13
146,4
147,14
148,1
149,11
149,7
150,11
150,15
151,11
151,12
151,13
151,2
152,1
153,6
153,5
153,15
153,8
154,15
154,11
154,1
154,6
155,15
155,3
155,5
155,1
156,6
156,5
157,7
157,11
157,3
157,12
158,3
159,3
160,10
160,15
161,8
161,1
161,11
161,2
162,9
162,13
163,5
163,1
163,15
163,7
164,15
165,1
165,6
165,8
165,10
166,11
166,7
167,6
167,12
167,1
168,7
169,2
170,5
171,8
172,2
172,15
172,13
172,11
173,2
173,12
174,9
174,10
175,9
175,15
176,6
176,8
177,10
178,10
178,8
178,13
178,7
179,14
179,10
179,15
179,8
180,2
180,12
180,14
181,6
182,10
183,2
183,6
183,10
184,9
184,2
185,6
185,15
186,1
187,13
187,5
187,3
187,1
188,1
189,12
189,6
189,11
190,10
190,4
191,5
191,2
192,1
192,4
193,14
193,10
193,15
193,1
194,8
194,13
194,2
194,11
195,15
195,5
195,6
196,7
196,14
197,10
197,2
198,12
198,14
199,10
199,14
199,4
200,8
200,11
200,2
200,14
201,15
202,1
202,13
202,2
203,8
204,9
204,7
204,2
205,5
206,12
206,2
206,13
207,8
208,1
209,5
209,12
209,4
210,15
210,10
210,6
210,3
211,13
211,6
212,7
212,2
212,5
212,13
213,1
213,13
213,14
214,4
214,1
214,8
214,13
215,2
215,13
215,6
216,6
216,15
216,4
216,12
217,12
218,13
218,15
219,8
220,3
220,2
220,5
220,7
221,10
221,9
221,12
221,2
222,12
222,2
222,9
222,15
223,10
223,7
224,14
225,9
225,2
225,3
226,7
227,6
228,13
228,12
228,11
228,9
229,10
229,9
229,8
229,12
230,3
230,12
230,11
231,5
231,8
231,13
231,9
232,14
232,4
232,10
232,9
233,10
233,3
233,8
234,8
234,1
234,12
235,4
235,9
235,10
235,15
236,9
236,15
236,12
236,10
237,2
238,2
238,8
239,2
239,12
239,13
239,7
240,12
240,6
240,3
240,10
241,6
241,12
242,12
243,3
243,10
244,5
244,9
244,3
244,4
245,8
245,5
245,1
245,7
246,12
246,9
246,14
246,2
247,11
247,3
247,4
248,5
248,14
249,3
249,14
249,9
249,5
250,9
251,14
251,10
252,13
252,7
252,2
253,13
253,8
253,11
253,3
254,3
254,12
255,14
255,8
255,10
255,11
256,6
256,2
256,4
256,13
257,2
258,8
258,14
258,1
259,9
259,7
260,12
260,11
260,5
261,12
261,1
261,3
261,6
262,12
262,11
262,4
262,6
263,1
263,6
263,8
264,12
265,14
266,13
266,15
267,7
268,9
268,5
268,3
268,14
269,9
269,12
269,7
270,9
271,12
271,2
271,13
272,7
272,1
272,14
273,7
273,8
273,11
273,14
274,8
274,10
274,15
274,7
275,8
275,9
275,15
276,14
276,3
276,1
276,11
277,10
278,12
279,4
279,9
280,2
280,4
281,13
281,12
281,9
282,15
282,1
283,2
283,9
284,5
284,7
285,10
285,7
285,3
286,7
286,5
287,10
288,8
288,2
288,1
289,3
289,5
289,8
289,13
290,3
290,2
290,10
291,13
291,1
291,7
292,12
292,2
292,5
292,13
293,4
293,9
293,11
294,7
294,11
294,9
295,2
295,8
296,10
297,12
297,13
297,7
298,8
298,15
298,7
299,3
299,1
300,15
300,4
300,3
301,8
301,10
301,6
302,9
302,4
302,6
303,8
304,5
304,3
305,5
306,15
307,14
307,9
308,13
308,2
308,6
308,8
309,10
309,9
309,5
310,4
310,6
310,14
310,5
311,9
312,7
312,2
313,12
313,6
313,9
313,8
314,10
315,5
315,9
316,15
317,12
317,8
318,1
319,3
320,12
321,14
322,11
323,7
324,6
324,8
324,4
324,3
325,2
325,5
325,3
325,12
326,14
327,1
327,13
327,5
327,8
328,12
328,2
329,14
329,2
329,11
329,1
330,1
330,8
330,3
330,7
331,3
331,12
331,5
331,2
332,7
332,2
332,10
332,13
333,5
333,10
334,11
334,4
334,10
334,7
335,2
335,14
335,13
336,1
336,13
337,11
337,7
337,8
338,14
339,1
340,1
341,8
341,2
342,2
343,12
343,5
343,10
343,9
344,5
344,14
344,13
345,13
345,8
345,12
345,14
346,5
346,6
346,8
347,7
347,14
347,1
347,15
348,7
348,5
348,13
349,15
350,11
350,8
351,11
352,5
352,11
352,15
353,4
353,7
353,14
354,12
354,3
354,14
355,8
355,1
355,10
355,9
356,14
356,1
356,9
357,14
357,9
357,4
358,8
358,9
358,10
359,1
359,7
360,9
360,6
360,1
361,9
362,7
362,3
362,8
363,14
364,3
365,5
366,9
367,15
367,7
367,10
367,9
368,7
368,9
368,13
369,4
370,10
370,4
370,14
370,5
371,5
371,11
372,3
372,15
373,5
374,1
374,11
374,10
375,14
375,2
375,8
375,12
376,15
377,3
377,7
377,2
377,4
378,1
378,2
379,6
380,7
380,10
380,11
381,9
381,12
382,12
382,6
382,2
382,13
383,3
383,15
383,10
383,6
384,12
385,14
385,5
385,2
386,5
387,11
387,12
387,8
387,15
388,3
389,8
389,6
389,13
390,12
390,14
390,6
391,3
392,8
393,6
394,12
394,4
394,2
394,8
395,12
395,5
395,9
395,14
396,2
396,10
396,12
396,7
397,13
397,14
397,6
398,10
399,12
399,14
399,5
400,13
401,2
401,6
401,4
401,3
402,8
402,5
402,11
403,4
403,15
404,10
405,3
406,7
407,4
407,15
407,2
407,3
408,5
408,3
408,9
409,12
409,8
409,3
410,14
410,3
411,9
412,3
412,7
413,9
414,14
414,10
414,13
415,9
415,6
416,10
416,7
416,11
416,14
417,5
417,10
418,11
418,2
418,8
419,1
419,14
420,13
420,15
420,8
420,9
421,15
421,9
421,7
421,8
422,8
422,6
422,9
423,11
424,6
425,2
425,9
425,15
425,8
426,3
426,14
426,1
427,15
427,5
427,1
428,13
428,7
429,14
430,10
430,5
430,1
431,1
432,3
432,4
432,14
432,1
433,12
433,5
433,9
434,9
434,15
435,10
436,4
436,11
436,7
436,5
437,10
437,13
437,9
438,1
439,13
440,15
440,8
441,2
442,7
442,3
443,4
444,2
445,1
445,13
445,3
446,9
446,10
447,9
447,15
447,11
447,14
448,9
448,2
448,1
449,2
450,11
450,1
450,5
451,11
452,5
452,1
452,14
452,15
453,2
453,1
453,13
453,14
454,1
455,13
455,9
455,10
455,5
456,12
457,6
457,14
458,6
458,8
458,5
458,9
459,9
459,15
459,1
459,7
460,7
460,15
460,9
461,3
462,11
463,11
463,4
464,12
464,8
465,3
465,9
465,6
466,8
467,11
468,1
468,2
468,12
468,8
469,6
469,14
469,12
470,11
470,15
470,12
470,3
471,9
471,5
471,14
472,15
472,8
472,10
472,6
473,2
473,4
473,7
474,3
474,10
474,5
474,7
475,3
475,11
475,10
476,7
476,6
476,2
476,9
477,8
478,2
478,1
478,9
478,6
479,15
479,12
480,15
480,9
480,1
481,5
481,9
481,13
482,5
482,6
482,7
482,2
483,13
484,13
484,11
484,3
485,6
485,2
485,5
485,9
486,15
486,11
486,5
486,4
487,12
487,4
487,1
487,11
488,9
488,14
489,8
490,12
491,15
491,2
492,10
492,1
492,11
492,5
493,8
493,15
494,9
495,15
495,7
495,2
496,14
496,3
496,10
497,4
498,9
498,12
499,13
499,2
500,15
501,4
501,10
502,11
502,12
503,10
503,7
503,12
504,1
504,9
504,14
505,10
505,12
505,7
505,11
506,14
507,4
507,5
507,12
508,11
508,2
508,5
508,14
509,11
509,2
509,7
509,10
510,8
510,15
511,4
512,4
512,2
512,6
513,5
514,7
514,13
515,3
515,15
516,7
516,4
517,9
517,10
517,2
518,14
518,7
518,11
519,5
519,1
520,13
520,10
521,12
522,6
522,4
522,5
522,7
523,5
523,1
523,6
524,15
525,2
526,8
527,2
527,3
527,6
528,3
528,14
528,2
528,6
529,11
529,3
530,15
530,2
530,6
530,11
531,11
531,3
531,6
531,5
532,11
532,13
532,6
532,2
533,12
533,3
534,14
534,6
534,1
534,10
535,10
535,3
535,4
536,6
537,8
537,4
537,11
537,10
538,14
539,1
539,5
539,10
540,9
540,14
540,3
541,10
542,8
543,7
543,11
543,3
544,14
544,6
544,13
545,5
545,13
545,12
546,9
547,5
547,13
548,4
548,14
548,15
548,13
549,14
549,6
549,13
550,12
550,14
550,15
551,4
551,11
551,8
551,14
552,15
552,1
552,4
553,12
553,9
554,13
555,13
555,4
555,5
556,9
556,6
557,3
558,7
558,3
559,6
560,11
560,8
560,4
560,10
561,1
561,10
562,8
563,8
563,2
563,15
564,11
564,9
564,3
565,3
565,5
565,1
566,11
566,12
567,10
567,8
567,15
567,7
568,6
568,11
568,4
568,9
569,10
569,11
569,13
569,6
570,9
571,5
571,6
571,13
572,1
572,8
572,15
572,3
573,6
573,4
574,11
575,6
575,1
575,3
575,2
576,10
577,11
577,5
577,1
577,12
578,2
579,14
579,2
579,6
580,7
580,1
581,12
581,8
581,7
581,6
582,5
583,9
583,8
583,6
583,2
584,13
585,13
585,4
586,3
586,9
587,6
587,10
587,13
588,6
588,13
588,15
589,10
590,14
591,1
591,10
591,9
591,3
592,5
592,1
593,6
593,13
594,10
594,15
595,6
595,7
595,4
596,11
597,11
597,10
598,12
598,4
599,9
599,4
600,8
600,6
601,8
601,6
601,5
602,12
602,7
602,11
602,2
603,9
603,3
603,13
603,12
604,10
604,12
604,13
604,3
605,13
605,4
605,1
605,6
606,1
607,15
607,3
607,10
607,11
608,11
608,2
608,9
608,15
609,9
609,12
610,6
611,13
612,13
612,5
612,4
613,3
613,10
613,1
613,8
614,4
614,7
614,15
615,12
616,2
616,15
617,2
617,9
617,13
617,6
618,10
618,7
618,5
619,10
620,8
620,4
621,8
621,14
621,7
622,8
622,12
623,4
623,3
624,15
625,10
626,14
626,7
626,4
627,6
627,12
627,5
628,9
629,6
629,7
629,13
630,15
631,1
631,6
631,12
631,15
632,7
633,3
634,15
634,11
634,12
634,1
635,5
636,10
636,9
637,11
637,15
637,2
638,15
638,6
638,12
639,7
639,5
639,12
640,3
640,6
640,14
640,12
641,15
641,8
641,4
642,7
642,9
642,8
642,11
643,12
644,10
644,14
644,7
645,7
645,5
645,13
645,3
646,4
647,12
648,9
648,7
649,3
649,11
649,2
649,6
650,5
650,6
650,13
650,11
651,10
651,1
651,3
651,7
652,15
652,4
652,10
653,6
653,12
653,7
653,8
654,14
655,15
656,6
656,13
657,5
657,15
657,4
658,12
658,7
658,9
658,4
659,1
660,14
661,12
661,8
662,9
662,8
662,10
662,13
663,4
663,14
664,6
664,2
665,6
666,13
666,2
666,4
666,5
667,12
668,7
668,10
668,3
669,14
669,13
669,6
669,15
670,13
671,11
671,12
672,4
673,7
673,12
673,9
674,2
675,14
675,10
675,3
676,8
676,6
676,9
677,1
677,13
677,9
677,14
678,7
679,14
679,3
679,4
680,13
680,11
681,14
681,8
682,6
683,15
683,7
683,12
684,2
684,9
684,8
685,14
685,15
685,13
685,8
686,13
687,15
687,5
687,12
687,11
688,6
688,3
688,1
689,15
689,9
689,11
690,1
690,9
690,5
691,7
691,11
691,13
692,13
692,10
692,2
692,7
693,9
694,6
695,13
695,5
696,5
696,3
696,2
696,1
697,14
698,12
698,4
699,1
699,12
699,5
699,9
700,6
700,2
701,7
702,3
702,4
702,15
702,1
703,11
703,14
703,5
704,15
704,10
704,14
705,2
705,4
705,6
706,6
706,15
707,3
707,9
708,5
708,3
709,5
709,3
710,10
710,6
711,3
711,9
711,12
712,11
712,3
712,2
713,15
713,4
713,11
713,10
714,14
714,7
714,5
715,13
715,3
715,11
716,13
716,3
716,2
717,2
717,10
717,4
717,11
718,9
718,8
718,4
718,15
719,7
720,15
720,6
720,11
720,9
721,8
722,2
722,15
722,6
722,11
723,7
723,13
724,10
725,11
726,2
727,9
728,5
729,8
730,5
730,9
731,11
731,7
732,8
732,14
732,13
733,6
733,7
733,15
734,7
735,8
735,1
735,11
736,14
736,10
736,8
736,9
737,2
737,5
738,6
738,14
738,12
738,9
739,15
739,5
739,8
739,4
740,10
740,4
740,14
741,14
741,3
742,7
742,12
742,15
743,7
743,13
743,10
743,2
744,8
744,2
744,1
745,14
745,2
745,11
746,12
747,13
748,12
749,3
749,2
750,2
750,4
750,6
750,12
751,4
752,4
752,10
753,15
753,3
754,5
754,1
754,12
754,8
755,2
755,8
755,5
756,12
756,11
757,10
757,2
758,6
759,8
760,2
760,10
760,9
760,14
761,15
761,4
761,1
762,12
762,7
762,3
763,5
763,4
763,11
763,9
764,8
764,3
764,10
764,15
765,7
765,2
766,7
766,15
766,8
766,11
767,15
767,4
768,2
769,12
769,4
769,3
769,8
770,2
770,10
771,13
771,15
771,2
772,15
772,11
773,7
773,10
774,3
775,5
775,1
776,12
776,2
776,9
776,5
777,10
777,11
777,4
777,9
778,5
779,7
779,15
779,3
779,5
780,6
780,8
781,2
781,12
782,11
783,3
783,4
784,11
784,10
785,13
785,3
786,10
786,3
787,7
787,9
788,4
788,8
789,12
789,15
789,5
789,1
790,8
790,12
791,12
791,4
791,3
791,15
792,5
792,3
792,1
793,2
793,1
793,6
793,9
794,8
794,9
794,1
795,7
795,10
795,14
796,7
796,3
797,5
797,3
797,14
797,8
798,9
799,6
799,9
800,5
801,1
801,5
802,7
803,6
803,11
803,7
804,8
805,12
805,5
806,9
806,7
807,4
807,8
807,15
807,7
808,5
809,9
809,13
809,2
809,11
810,7
810,12
811,13
811,3
811,10
812,15
813,9
813,5
814,9
814,11
814,7
815,13
816,10
817,8
817,6
817,2
817,1
818,7
818,13
818,8
819,13
819,10
820,2
820,4
820,1
820,13
821,7
821,15
822,12
822,2
822,13
822,5
823,3
823,4
823,15
823,10
824,14
824,12
824,10
825,9
825,5
825,14
826,15
827,8
828,2
828,11
828,1
829,3
829,13
829,15
830,2
830,11
830,15
830,7
831,15
831,10
832,6
832,14
832,11
832,7
833,15
833,1
833,4
833,14
834,5
835,10
835,4
836,6
836,8
837,11
838,4
838,7
839,7
839,14
839,11
839,4
840,1
840,13
840,15
840,7
841,4
841,10
842,1
842,8
842,4
842,13
843,14
843,1
844,11
844,2
844,7
845,6
845,3
846,11
846,8
846,4
846,13
847,6
847,13
847,15
848,7
849,2
850,8
850,10
851,4
851,1
851,6
851,2
852,13
852,2
852,10
852,12
853,3
853,8
854,4
855,12
855,4
855,1
855,15
856,15
857,7
857,5
858,12
858,13
858,6
859,1
859,12
859,13
860,15
860,10
860,2
860,5
861,6
861,1
862,12
863,13
863,3
863,5
864,14
865,1
865,15
865,7
866,15
867,10
868,4
869,10
869,6
869,5
869,9
870,12
870,15
871,2
872,10
872,14
872,3
873,13
873,6
873,4
873,14
874,10
874,1
874,4
875,15
875,10
875,7
875,1
876,3
876,11
876,12
877,9
878,10
878,9
879,4
879,2
880,7
880,6
880,12
881,7
882,6
882,5
882,4
882,13
883,14
883,11
883,3
884,12
885,3
885,2
885,4
885,5
886,7
886,6
887,1
887,3
887,2
887,8
888,9
888,1
888,13
888,10
889,11
889,7
889,2
889,9
890,12
890,9
891,4
891,6
892,8
892,5
892,1
893,4
893,1
893,14
894,4
894,3
894,1
894,15
895,10
895,12
896,14
896,15
896,11
897,9
897,14
897,6
897,12
898,9
898,15
899,9
900,9
900,3
900,7
900,15
901,10
901,9
902,4
902,6
902,11
902,8
903,9
903,6
904,5
904,2
905,4
905,15
905,10
906,10
907,3
907,1
907,9
908,12
908,1
908,4
909,4
909,2
909,11
910,4
910,12
910,6
910,9
911,15
912,7
912,3
913,11
913,14
913,4
913,10
914,2
914,9
914,10
915,14
915,10
915,3
916,4
917,6
917,12
917,1
917,14
918,12
918,11
918,9
918,15
919,2
919,12
919,4
920,13
921,8
922,12
923,3
924,2
924,1
925,3
925,1
925,10
925,8
926,7
926,14
927,15
928,15
929,4
929,9
929,7
929,3
930,10
931,4
931,14
932,13
932,12
932,8
932,7
933,14
933,11
933,12
934,9
935,9
935,6
935,5
936,9
936,7
937,8
937,6
938,6
938,12
938,13
939,7
939,11
939,2
940,13
941,7
941,15
941,8
942,14
942,12
943,3
943,10
943,5
943,4
944,9
944,10
944,14
944,15
945,1
945,10
945,9
946,1
946,10
947,4
947,15
947,6
947,7
948,5
948,1
948,4
949,11
949,10
949,14
949,3
950,13
950,3
951,9
951,12
952,5
952,8
953,4
954,4
954,2
954,13
954,3
955,4
955,8
956,10
957,8
957,15
957,14
957,6
958,4
958,7
958,5
959,4
959,7
959,8
960,13
960,2
961,3
962,1
962,2
962,9
962,10
963,15
963,10
963,7
964,12
965,10
965,1
965,5
966,9
966,3
966,12
966,13
967,10
967,7
967,5
968,10
968,6
969,8
970,9
971,14
972,11
972,8
973,7
973,10
973,8
974,14
974,13
974,15
974,2
975,10
975,11
975,1
975,3
976,4
976,15
976,5
976,8
977,4
977,5
978,4
979,11
979,10
979,7
979,1
980,1
980,11
981,1
981,8
982,8
983,1
983,3
983,10
984,3
984,1
984,10
984,2
985,9
985,5
985,6
985,1
986,4
986,14
987,5
987,6
988,4
988,7
988,3
989,6
989,12
989,13
990,12
990,10
990,1
990,9
991,13
991,8
991,5
991,11
992,6
992,15
993,6
993,1
993,14
993,7
994,6
994,8
994,9
994,13
995,15
996,7
996,12
997,9
997,15
997,13
998,13
998,11
999,1
999,4
1000,9
1000,1
1000,12
1001,4
1001,11
1001,14
1001,7
1002,8
1003,15
1003,8
1003,7
1004,14
1005,12
1006,5
1006,14
1006,13
1007,8
1007,3
1007,10
1007,5
1008,8
1009,11
1009,12
1009,14
1009,15
1010,9
1010,6
1010,11
1010,4
1011,8
1011,15
1011,5
1012,2
1012,8
1013,5
1013,3
1013,13
1014,2
1015,11
1016,4
1016,9
1016,2
1017,4
1017,5
1018,5
1018,10
1018,11
1019,10
1019,1
1020,2
1020,15
1020,5
1021,8
1021,10
1022,13
1023,7
1023,5
1023,13
1024,11
1024,1
1025,11
1025,15
1025,5
1026,11
1026,14
1026,5
1026,9
1027,5
1027,7
1028,12
1028,7
1028,10
1029,2
1029,10
1029,6
1030,10
1030,6
1031,14
1031,9
1031,7
1032,15
1032,2
1033,7
1034,9
1034,13
1034,10
1034,1
1035,13
1036,1
1036,14
1037,1
1038,5
1039,12
1039,3
1039,5
1040,9
1040,12
1041,9
1041,13
1042,13
1042,12
1042,2
1042,14
1043,15
1043,9
1044,13
1044,9
1044,10
1044,7
1045,2
1045,15
1046,14
1046,6
1047,4
1047,15
1047,8
1048,15
1048,9
1049,10
1049,12
1049,3
1050,5
1050,1
1051,1
1051,11
1051,8
1052,14
1052,3
1052,9
1052,10
1053,6
1053,5
1053,1
1053,8
1054,9
1054,3
1054,11
1055,3
1055,12
1056,12
1056,6
1056,2
1056,14
1057,2
1057,12
1057,8
1057,10
1058,6
1059,8
1059,9
1059,12
1060,15
1060,13
1061,12
1061,5
1061,1
1062,12
1062,14
1062,8
1062,9
1063,2
1063,4
1064,7
1065,6
1065,3
1066,10
1066,13
1066,4
1067,8
1067,13
1067,11
1068,13
1069,14
1070,3
1070,2
1070,15
1070,9
1071,8
1071,9
1072,10
1072,12
1072,7
1073,6
1074,3
1074,1
1074,11
1074,5
1075,14
1075,12
1075,3
1076,9
1077,12
1077,14
1078,10
1079,4
1079,15
1079,6
1080,1
1081,12
1081,10
1081,5
1082,10
1082,6
1082,7
1083,1
1084,9
1085,11
1085,2
1085,12
1085,13
1086,4
1087,13
1087,8
1087,14
1088,5
1088,3
1088,13
1088,7
1089,14
1090,8
1090,14
1090,12
1091,12
1091,8
1092,3
1092,13
1092,11
1093,7
1093,13
1093,9
1094,13
1094,5
1095,10
1095,9
1095,4
1096,4
1096,10
1096,11
1097,3
1097,13
1097,15
1097,5
1098,2
1098,7
1099,9
1099,8
1099,15
1100,14
1100,4
1101,3
1102,12
1102,11
1103,14
1104,3
1104,5
1104,6
1104,14
1105,1
1105,10
1105,4
1105,13
1106,10
1106,2
1107,7
1107,9
1108,5
1108,4
1108,11
1108,1
1109,1
1110,3
1110,8
1110,5
1110,1
1111,3
1111,1
1111,13
1111,15
1112,15
1112,3
1112,6
1113,3
1114,15
1114,6
1114,11
1114,4
1115,9
1115,8
1115,11
1116,6
1116,2
1116,15
1116,9
1117,11
1117,10
1118,13
1118,14
1118,10
1119,10
1119,13
1119,11
1119,14
1120,12
1120,8
1120,3
1120,4
1121,11
1122,8
1122,1
1122,10
1122,7
1123,4
1123,5
1123,7
1123,8
1124,11
1124,12
1124,7
1124,13
1125,3
1125,1
1125,15
1125,5
1126,9
1127,2
1128,4
1128,8
1128,11
1128,10
1129,4
1129,13
1129,14
1130,5
1131,6
1131,9
1131,2
1131,8
1132,6
1132,3
1132,13
1132,2
1133,6
1133,9
1133,5
1134,5
1134,6
1134,11
1135,3
1135,4
1135,8
1135,1
1136,15
1136,9
1136,2
1137,4
1138,15
1139,5
1140,14
1141,2
1141,7
1142,10
1142,4
1142,1
1142,7
1143,2
1143,8
1144,1
1144,14
1144,8
1144,11
1145,9
1145,10
1145,6
1146,8
1146,15
1146,3
1146,13
1147,2
1148,14
1148,15
1148,9
1148,6
1149,6
1149,9
1149,7
1149,14
1150,8
1150,11
1151,13
1151,10
1152,5
1152,8
1153,14
1154,7
1154,13
1155,9
1155,3
1155,1
1155,6
1156,15
1156,6
1156,9
1157,4
1157,5
1157,14
1158,12
1158,15
1158,4
1158,2
1159,8
1160,3
1160,10
1160,4
1161,9
1161,2
1162,14
1162,7
1162,12
1162,13
1163,15
1163,11
1163,3
1163,7
1164,11
1164,6
1164,3
1164,15
1165,5
1166,7
1166,2
1166,1
1167,10
1168,4
1168,7
1169,2
1170,3
1170,12
1170,4
1171,13
1171,5
1172,2
1173,8
1174,1
1175,5
1175,12
1175,9
1175,8
1176,15
1177,13
1177,2
1177,12
1178,12
1178,13
1179,13
1179,1
1180,7
1180,10
1180,9
1181,3
1181,5
1181,15
1182,14
1182,9
1182,11
1182,12
1183,5
1184,11
1185,4
1186,1
1186,14
1186,7
1186,11
1187,14
1187,10
1187,1
1188,13
1188,2
1188,3
1189,12
1189,11
1189,10
1190,2
1190,5
1190,14
1191,8
1192,1
1192,2
1192,4
1193,10
1193,12
1193,6
1194,3
1194,9
1194,1
1194,4
1195,14
1195,6
1196,9
1196,11
1196,3
1196,15
1197,11
1198,10
1198,1
1198,15
1198,13
1199,5
1200,8
1201,1
1202,7
1203,14
1203,8
1203,11
1204,7
1204,6
1204,5
1204,11
1205,4
1206,12
1206,7
1206,3
1206,5
1207,3
1208,11
1208,3
1208,1
1208,8
1209,9
1210,14
1210,10
1210,13
1210,2
1211,14
1211,6
1211,12
1212,12
1213,7
1213,4
1213,12
1213,2
1214,2
1214,10
1214,9
1214,11
1215,6
1216,4
1216,13
1216,14
1216,10
1217,6
1217,12
1218,7
1218,11
1218,14
1219,5
1219,1
1219,6
1220,15
1221,6
1221,15
1221,10
1221,14
1222,9
1222,3
1222,15
1223,12
1224,9
1225,12
1225,5
1226,12
1226,9
1226,13
1226,1
1227,3
1227,11
1227,13
1227,2
1228,12
1228,8
1228,6
1229,13
1229,7
1229,3
1229,4
1230,4
1230,10
1230,9
1231,10
1231,15
1231,8
1232,3
1232,5
1232,1
1232,9
1233,5
1233,7
1234,14
1235,5
1236,8
1236,12
1237,6
1237,11
1237,14
1238,9
1238,14
1238,7
1239,4
1239,1
1239,7
1240,5
1240,4
1241,8
1241,1
1242,1
1243,12
1243,14
1243,9
1244,11
1244,4
1244,13
1244,8
1245,6
1245,12
1245,3
1245,13
1246,6
1246,13
1246,8
1246,15
1247,6
1247,3
1248,5
1248,12
1248,8
1248,11
1249,13
1249,7
1250,3
1250,2
1251,10
1252,10
1252,3
1253,11
1254,4
1254,6
1255,3
1255,6
1256,14
1256,2
1256,13
1257,12
1257,8
1257,5
1258,7
1258,3
1259,5
1259,4
1260,6
1261,12
1261,15
1261,1
1262,13
1262,15
1262,7
1263,9
1263,2
1264,5
1264,7
1264,14
1264,8
1265,2
1265,4
1266,1
1267,6
1267,11
1267,12
1267,13
1268,9
1268,10
1268,3
1268,4
1269,4
1269,10
1269,13
1270,11
1270,9
1270,3
1271,4
1271,15
1271,13
1271,2
1272,4
1272,11
1272,10
1273,9
1273,8
1273,4
1274,15
1274,2
1274,7
1275,9
1275,10
1276,15
1276,7
1276,12
1276,9
1277,13
1277,3
1277,11
1277,8
1278,13
1278,11
1279,6
1279,10
1280,6
1280,7
1280,14
1281,5
1282,12
1282,7
1282,4
1282,15
1283,12
1283,1
1284,11
1284,14
1284,13
1284,3
1285,14
1285,12
1285,13
1286,7
1287,9
1287,14
1287,5
1287,15
1288,14
1288,5
1289,4
1289,15
1290,8
1290,14
1291,3
1292,7
1292,8
1292,11
1293,8
1293,2
1294,7
1294,13
1295,10
1296,10
1296,11
1296,15
1297,14
1297,13
1297,9
1297,7
1298,1
1298,14
1299,3
1299,13
1299,10
1299,4
1300,4
1300,9
1301,5
1302,7
1302,12
1302,3
1303,6
1304,5
1304,15
1305,10
1305,9
1306,1
1306,11
1306,2
1307,11
1307,3
1308,3
1308,9
1308,15
1308,5
1309,14
1310,8
1310,3
1310,15
1311,12
1311,2
1312,8
1312,10
1313,1
1313,6
1313,14
1313,10
1314,11
1314,8
1314,15
1314,14
1315,2
1315,10
1315,8
1316,12
1317,11
1318,3
1319,3
1320,12
1320,1
1321,13
1321,8
1321,6
1322,2
1322,4
1322,15
1323,4
1324,4
1324,15
1325,11
1325,12
1325,9
1325,8
1326,9
1327,7
1328,3
1329,12
1329,4
1329,3
1329,7
1330,1
1330,14
1331,10
1331,9
1331,14
1331,2
1332,15
1332,4
1333,14
1334,13
1334,11
1335,6
1335,13
1335,14
1335,10
1336,8
1336,6
1337,13
1337,5
1337,12
1338,5
1338,9
1339,9
1339,3
1340,14
1340,6
1340,1
1340,2
1341,12
1341,13
1342,14
1343,1
1343,11
1343,6
1343,4
1344,5
1344,6
1345,14
1345,11
1346,14
1346,6
1346,10
1347,10
1347,1
1347,9
1347,11
1348,1
1348,3
1348,13
1348,4
1349,4
1349,7
1350,10
1350,8
1350,6
1350,12
1351,12
1351,4
1351,3
1351,9
1352,9
1352,4
1352,6
1352,5
1353,10
1353,8
1354,5
1354,12
1354,6
1354,13
1355,2
1356,1
1357,13
1357,15
1358,12
1358,5
1359,3
1360,12
1360,13
1360,6
1361,6
1361,13
1362,6
1362,15
1362,1
1362,2
1363,1
1363,11
1364,6
1364,10
1364,3
1365,2
1365,14
1366,12
1366,11
1366,10
1366,8
1367,4
1368,5
1368,4
1368,7
1369,11
1369,6
1369,3
1370,12
1370,5
1370,14
1370,15
1371,5
1371,3
1372,4
1372,6
1372,1
1372,12
1373,15
1374,4
1374,13
1374,11
1374,10
1375,13
1376,2
1376,1
1376,7
1376,11
1377,14
1377,3
1377,2
1378,13
1378,1
1379,11
1379,1
1379,9
1380,15
1381,13
1381,3
1381,10
1381,11
1382,10
1382,15
1382,14
1382,4
1383,4
1383,11
1384,14
1384,5
1385,2
1386,10
1387,8
1388,2
1388,8
1388,12
1389,14
1389,12
1389,3
1390,1
1390,11
1391,13
1392,14
1392,9
1392,15
1393,3
1393,7
1393,15
1393,4
1394,14
1394,9
1394,7
1395,3
1395,8
1395,13
1396,12
1396,15
1396,4
1397,13
1397,9
1397,15
1397,7
1398,14
1399,13
1399,2
1399,5
1399,10
1400,11
1400,3
1400,10
1400,6
1401,12
1401,13
1401,8
1401,7
1402,9
1403,1
1403,3
1404,10
1404,7
1404,9
1404,3
1405,12
1405,4
1406,4
1407,1
1408,7
1409,3
1409,6
1409,10
1410,11
1410,10
1410,3
1410,7
1411,4
1412,6
1413,7
1413,3
1414,15
1414,14
1414,10
1415,15
1415,1
1415,8
1415,3
1416,1
1416,12
1416,7
1417,2
1418,14
1418,2
1419,3
1420,14
1420,10
1420,9
1420,11
1421,11
1421,9
1422,5
1422,13
1422,4
1422,15
1423,14
1423,2
1423,12
1423,9
1424,8
1424,4
1425,8
1425,3
1425,12
1425,1
1426,15
1426,5
1427,6
1427,5
1428,10
1428,12
1429,5
1429,6
1429,8
1429,15
1430,15
1430,6
1431,8
1431,11
1432,12
1432,11
1433,7
1433,11
1433,14
1434,14
1434,6
1434,9
1435,11
1436,13
1436,3
1436,7
1436,15
1437,6
1438,5
1438,2
1438,9
1439,4
1439,6
1439,11
1439,8
1440,12
1440,10
1440,6
1440,15
1441,11
1441,2
1442,12
1442,10
1442,6
1442,14
1443,11
1443,8
1444,6
1445,2
1445,14
1445,15
1446,6
1446,7
1446,15
1447,9
1447,10
1448,4
1448,3
1449,7
1449,1
1450,13
1451,6
1451,4
1451,9
1451,5
1452,4
1453,11
1453,9
1453,15
1453,13
1454,9
1455,4
1455,14
1455,6
1456,10
1456,9
1457,10
1457,15
1458,1
1458,15
1459,6
1460,10
1460,1
1460,11
1461,2
1461,5
1462,5
1462,2
1462,11
1462,15
1463,12
1463,10
1463,1
1464,8
1465,11
1465,9
1465,7
1466,9
1466,8
1466,6
1467,2
1467,4
1468,3
1468,8
1469,9
1469,12
1469,8
1470,6
1471,11
1471,10
1472,13
1472,8
1472,11
1472,1
1473,8
1473,15
1474,2
1474,13
1474,11
1475,2
1476,13
1477,1
1477,2
1477,3
1477,5
1478,6
1478,10
1478,5
1478,15
1479,7
1479,1
1480,10
1480,2
1481,9
1481,14
1481,4
1481,13
1482,6
1482,1
1482,5
1482,15
1483,10
1483,4
1484,7
1484,14
1484,3
1484,13
1485,14
1485,4
1486,3
1486,12
1486,15
1486,8
1487,8
1488,12
1488,8
1489,4
1489,8
1489,7
1489,9
1490,1
1490,5
1491,10
1491,8
1492,4
1493,4
1493,14
1493,12
1493,9
1494,10
1494,12
1494,7
1494,14
1495,9
1495,3
1495,6
1496,15
1496,11
1496,14
1496,2
1497,9
1497,1
1497,7
1497,10
1498,4
1498,3
1498,7
1498,1
1499,7
1499,13
1499,15
1500,8
1500,3
1500,2
1500,11
1501,2
1501,1
1502,1
1503,2
1503,10
1504,14
1504,15
1504,4
1504,5
1505,14
1505,3
1505,1
1505,4
1506,11
1506,2
1507,7
1507,11
1508,4
1508,7
1509,12
1510,15
1511,2
1511,3
1511,5
1511,13
1512,3
1512,4
1512,9
1512,5
1513,14
1514,4
1514,15
1514,5
1514,8
1515,1
1515,6
1516,5
1516,14
1516,1
1516,11
1517,2
1517,12
1518,12
1518,4
1518,15
1518,9
1519,7
1519,4
1519,5
1519,12
1520,6
1521,3
1521,12
1521,7
1522,2
1522,12
1522,7
1523,11
1523,10
1523,2
1523,5
1524,1
1524,2
1524,3
1525,8
1525,4
1525,11
1525,6
1526,3
1527,13
1528,10
1528,5
1529,12
1529,5
1529,1
1529,11
1530,10
1530,12
1530,15
1531,6
1531,15
1531,9
1531,12
1532,11
1532,14
1532,4
1532,12
1533,8
1533,3
1533,1
1533,13
1534,11
1534,4
1534,5
1535,10
1536,5
1537,10
1537,9
1538,2
1539,1
1539,15
1540,8
1541,10
1541,1
1542,10
1542,8
1542,9
1543,2
1544,2
1544,6
1545,12
1546,6
1546,2
1546,4
1546,10
1547,8
1547,11
1548,14
1548,2
1548,9
1549,14
1549,7
1549,12
1549,13
1550,9
1551,5
1551,4
1551,1
1551,6
1552,2
1552,3
1552,15
1553,3
1554,11
1554,15
1554,1
1554,5
1555,4
1555,1
1555,8
1555,12
1556,11
1556,2
1556,6
1557,5
1557,13
1557,1
1557,8
1558,5
1558,7
1558,4
1558,1
1559,2
1559,11
1559,14
1560,13
1561,10
1561,1
1561,15
1562,7
1562,12
1562,15
1563,14
1563,1
1563,4
1563,15
1564,4
1565,6
1566,2
1566,9
1566,6
1566,15
1567,9
1567,6
1567,2
1568,7
1569,1
1569,7
1570,14
1570,1
1571,12
1571,14
1571,8
1571,11
1572,1
1572,4
1572,8
1572,5
1573,9
1573,12
1573,2
1573,1
1574,5
1574,14
1574,9
1575,1
1575,7
1576,12
1576,13
1577,12
1577,11
1578,6
1578,10
1579,6
1580,8
1580,5
1580,3
1581,14
1581,6
1582,8
1582,6
1582,12
1583,8
1583,12
1584,12
1584,6
1585,5
1585,3
1585,14
1586,12
1586,2
1586,15
1586,5
1587,6
1587,13
1587,8
1587,11
1588,4
1588,13
1589,2
1589,7
1590,14
1591,7
1592,15
1593,4
1593,6
1593,10
1593,12
1594,15
1595,11
1595,12
1595,3
1596,7
1596,12
1597,11
1597,7
1597,15
1598,8
1598,13
1599,6
1599,2
1599,5
1599,8
1600,4
1600,1
1600,10
1600,12
1601,10
1601,13
1601,7
1601,9
1602,8
1602,12
1602,2
1603,12
1603,15
1603,14
1603,2
1604,6
1604,7
1605,4
1605,3
1605,13
1605,6
1606,7
1607,4
1607,11
1608,11
1608,4
1609,4
1609,8
1609,9
1610,10
1610,7
1611,10
1611,3
1611,13
1612,2
1613,6
1614,13
1615,10
1615,6
1615,9
1616,9
1616,14
1616,15
1617,2
1617,5
1618,13
1619,1
1620,5
1620,10
1620,13
1620,15
1621,11
1621,8
1621,5
1621,6
1622,7
1622,14
1622,4
1623,14
1623,4
1624,9
1624,6
1625,9
1625,14
1625,11
1626,3
1626,11
1626,7
1627,11
1627,6
1627,14
1628,12
1628,9
1628,2
1628,4
1629,2
1629,4
1630,2
1630,13
1630,1
1631,9
1631,5
1632,2
1633,9
1633,5
1633,6
1633,14
1634,5
1634,6
1635,7
1635,13
1635,8
1635,2
1636,6
1636,2
1636,14
1637,9
1637,3
1637,8
1638,4
1639,6
1639,8
1639,10
1639,15
1640,6
1640,8
1640,4
1641,11
1641,9
1641,8
1642,5
1643,3
1643,7
1644,15
1644,13
1644,8
1644,10
1645,13
1645,14
1645,7
1645,6
1646,7
1646,11
1646,12
1647,9
1647,5
1647,15
1648,8
1649,10
1649,2
1650,2
1650,15
1650,13
1650,1
1651,13
1651,7
1651,14
1652,1
1652,5
1652,10
1653,4
1654,13
1654,8
1654,1
1654,7
1655,8
1655,12
1655,7
1656,14
1656,7
1657,12
1658,14
1658,13
1658,9
1658,5
1659,8
1659,7
1659,10
1659,13
1660,12
1660,14
1660,7
1660,6
1661,1
1662,8
1662,6
1663,10
1664,14
1664,9
1665,9
1665,4
1666,3
1666,14
1666,1
1666,12
1667,1
1667,13
1667,8
1667,6
1668,4
1668,6
1668,14
1668,13
1669,6
1669,7
1669,15
1670,12
1670,9
1671,7
1672,8
1672,11
1672,6
1672,13
1673,11
1673,4
1673,2
1673,12
1674,6
1674,8
1674,5
1674,11
1675,9
1675,7
1675,6
1676,15
1676,2
1676,12
1676,9
1677,14
1677,6
1677,8
1677,3
1678,7
1679,10
1679,3
1679,14
1679,2
1680,5
1680,3
1680,4
1680,14
1681,2
1681,1
1682,13
1683,2
1683,1
1683,9
1683,11
1684,7
1684,15
1684,2
1685,11
1685,4
1685,12
1686,8
1686,14
1686,7
1686,5
1687,3
1687,12
1687,11
1687,6
1688,15
1689,12
1689,1
1689,3
1690,12
1691,12
1691,4
1691,2
1691,8
1692,1
1692,3
1692,12
1692,10
1693,9
1694,13
1694,14
1695,4
1695,3
1695,7
1696,1
1696,11
1696,7
1697,12
1697,4
1697,6
1697,14
1698,12
1698,7
1698,5
1699,14
1700,2
1700,10
1700,4
1700,11
1701,9
1702,6
1702,2
1703,13
1703,7
1704,3
1704,13
1705,6
1706,6
1706,3
1707,3
1708,13
1708,2
1708,14
1708,11
1709,1
1709,6
1710,13
1711,1
1711,12
1712,1
1713,8
1713,11
1713,13
1713,12
1714,11
1714,2
1714,8
1715,5
1715,11
1716,12
1717,12
1718,12
1718,14
1718,3
1718,11
1719,14
1719,5
1720,7
1720,14
1720,6
1720,13
1721,12
1721,15
1722,1
1722,9
1722,11
1723,4
1723,8
1724,14
1724,1
1724,13
1725,6
1726,12
1727,8
1727,11
1727,6
1727,13
1728,1
1728,4
1728,10
1728,2
1729,3
1730,3
1730,6
1731,14
1731,3
1732,12
1732,2
1732,14
1733,7
1733,10
1734,13
1734,4
1735,5
1735,3
1736,12
1736,4
1736,13
1737,8
1738,7
1739,2
1739,12
1739,9
1739,7
1740,4
1740,1
1741,15
1741,5
1741,9
1741,7
1742,7
1742,5
1743,7
1744,13
1744,5
1744,14
1745,3
1746,9
1747,9
1747,15
1747,12
1747,5
1748,4
1748,8
1748,12
1748,3
1749,7
1750,6
1750,8
1751,2
1751,14
1752,7
1752,6
1752,8
1753,7
1753,13
1753,2
1753,12
1754,7
1755,7
1755,13
1755,14
1756,12
1756,6
1756,11
1757,14
1757,9
1757,5
1758,13
1758,5
1759,13
1759,11
1759,10
1760,6
1761,1
1762,7
1762,1
1762,11
1762,15
1763,2
1763,7
1763,9
1763,8
1764,14
1765,11
1766,5
1766,2
1767,10
1767,11
1767,2
1768,6
1768,7
1769,13
1769,11
1770,14
1771,4
1772,10
1772,3
1773,15
1773,9
1773,7
1773,14
1774,11
1774,13
1775,3
1775,9
1775,7
1776,11
1776,1
1776,4
1777,6
1777,4
1778,7
1778,8
1779,1
1779,6
1779,8
1779,10
1780,2
1780,7
1781,1
1781,7
1781,2
1781,5
1782,4
1783,7
1783,8
1783,14
1783,3
1784,8
1784,11
1784,2
1785,7
1786,10
1787,6
1787,15
1787,2
1788,1
1788,11
1789,5
1790,4
1790,2
1790,1
1791,6
1792,14
1792,7
1792,4
1792,10
1793,3
1793,4
1793,15
1794,1
1794,13
1794,7
1794,11
1795,8
1795,7
1795,1
1796,8
1796,11
1797,12
1797,9
1797,8
1797,1
1798,14
1798,13
1798,12
1799,1
1799,3
1799,2
1799,8
1800,14
1800,7
1800,12
1801,11
1801,13
1802,5
1802,9
1803,8
1803,11
1804,6
1805,3
1806,13
1806,14
1807,5
1807,4
1808,10
1808,8
1808,1
1808,7
1809,15
1809,3
1809,6
1810,12
1811,12
1811,10
1811,11
1812,14
1812,8
1812,9
1813,5
1814,9
1815,10
1816,14
1816,8
1817,8
1817,1
1817,15
1818,15
1818,9
1818,8
1819,14
1819,4
1819,10
1820,10
1820,4
1821,4
1821,3
1821,12
1821,11
1822,9
1823,3
1823,10
1824,7
1824,11
1825,3
1825,15
1826,4
1826,10
1827,10
1827,6
1828,8
1829,1
1830,1
1831,6
1832,7
1833,15
1833,1
1833,7
1833,13
1834,9
1834,8
1834,15
1834,4
1835,4
1836,7
1837,11
1837,10
1837,14
1838,8
1839,2
1839,9
1840,5
1840,1
1840,8
1841,2
1841,12
1841,4
1841,6
1842,1
1842,7
1842,5
1842,9
1843,13
1843,2
1844,10
1845,15
1845,7
1845,14
1846,11
1846,15
1846,10
1847,3
1848,6
1848,1
1848,14
1848,4
1849,9
1849,14
1850,5
1850,4
1850,2
1850,6
1851,12
1851,10
1851,15
1851,8
1852,6
1853,10
1854,2
1854,7
1855,5
1855,12
1856,3
1856,13
1857,2
1857,5
1858,2
1859,5
1859,11
1859,4
1859,15
1860,7
1861,11
1861,2
1862,1
1862,14
1863,7
1863,9
1863,15
1864,8
1865,4
1865,12
1866,1
1866,13
1866,4
1867,5
1867,2
1867,15
1868,3
1869,9
1869,7
1870,3
1871,7
1871,5
1872,5
1872,4
1872,12
1873,12
1873,2
1873,15
1873,1
1874,6
1874,10
1875,13
1875,12
1875,2
1875,10
1876,7
1877,1
1878,2
1878,11
1878,9
1878,14
1879,7
1879,9
1879,10
1879,11
1880,9
1880,15
1880,1
1881,11
1881,7
1882,14
1882,2
1882,6
1882,15
1883,1
1884,13
1884,12
1884,6
1884,5
1885,6
1885,5
1885,11
1886,12
1886,1
1886,4
1886,7
1887,8
1887,5
1887,3
1887,7
1888,11
1888,2
1889,13
1889,1
1889,6
1890,2
1890,13
1890,1
1891,8
1891,15
1891,9
1892,1
1892,14
1892,7
1893,4
1894,11
1894,3
1894,6
1894,13
1895,12
1896,14
1896,10
1896,7
1896,13
1897,7
1897,8
1898,8
1898,1
1898,2
1899,4
1900,1
1901,11
1901,15
1901,10
1901,9
1902,4
1902,6
1903,10
1903,12
1903,9
1904,13
1905,9
1906,7
1907,4
1907,1
1907,11
1908,12
1908,7
1908,10
1908,4
1909,4
1909,7
1909,8
1909,15
1910,10
1910,15
1911,10
1911,14
1911,6
1912,7
1912,2
1912,8
1913,4
1914,14
1914,9
1914,12
1915,1
1915,14
1916,14
1916,11
1916,12
1916,10
1917,12
1917,2
1917,9
1917,3
1918,6
1918,8
1918,15
1918,5
1919,10
1919,15
1919,3
1920,3
1920,4
1920,10
1920,12
1921,5
1921,7
1921,11
1921,12
1922,6
1922,1
1923,7
1923,13
1924,4
1924,8
1924,11
1925,4
1926,10
1926,12
1927,7
1927,1
1928,6
1928,11
1928,3
1928,14
1929,13
1929,4
1929,12
1930,15
1930,4
1930,13
1930,2
1931,14
1931,9
1931,13
1932,10
1932,6
1933,5
1934,2
1934,13
1935,6
1935,2
1935,3
1935,11
1936,13
1936,9
1936,1
1937,5
1937,12
1938,15
1939,12
1939,9
1939,15
1939,8
1940,3
1941,4
1942,8
1942,11
1942,4
1943,11
1943,12
1943,13
1943,9
1944,5
1944,8
1944,1
1945,4
1945,2
1945,7
1945,1
1946,7
1946,15
1946,8
1946,1
1947,5
1947,3
1948,9
1948,15
1948,14
1948,13
1949,6
1949,11
1949,7
1950,6
1950,15
1950,7
1950,5
1951,15
1951,5
1951,9
1952,13
1953,1
1953,12
1953,9
1954,13
1954,3
1955,13
1956,12
1956,2
1957,13
1957,1
1957,6
1958,8
1958,13
1958,6
1959,15
1959,11
1960,9
1960,1
1960,3
1960,10
1961,15
1961,2
1962,12
1963,9
1963,2
1963,4
1963,10
1964,6
1965,1
1966,15
1966,9
1966,10
1967,1
1967,3
1968,13
1968,10
1969,12
1969,10
1970,4
1970,7
1970,9
1971,5
1971,4
1972,10
1972,13
1973,2
1973,7
1973,8
1973,4
1974,11
1974,7
1974,15
1975,10
1975,1
1976,5
1976,3
1977,6
1977,3
1977,10
1977,14
1978,3
1978,6
1978,4
1979,4
1980,9
1980,2
1980,10
1981,10
1981,1
1981,6
1982,1
1982,15
1982,11
1982,12
1983,3
1983,10
1983,2
1983,8
1984,3
1984,7
1984,1
1985,14
1985,15
1986,5
1986,11
1986,3
1986,8
1987,3
1987,6
1987,14
1988,5
1988,11
1988,6
1989,13
1989,5
1990,14
1990,8
1990,4
1990,7
1991,4
1991,5
1991,1
1992,2
1992,15
1993,6
1993,8
1993,15
1993,5
1994,9
1995,14
1996,8
1996,13
1996,5
1996,6
1997,10
1998,8
1998,2
1998,9
1999,4
1999,1
1999,6
1999,2
2000,15
2000,4